URL,validity
https://brill.com,safe
https://ucf.edu,safe
https://hondamerchan.com,safe
https://aber.ac.uk,safe
https://faraday.io,safe
https://mochahost.com,safe
https://ndr.de,safe
https://genial.ly,safe
https://interia.pl,safe
https://esquelasdeasturias.com,safe
https://authorstream.com,safe
https://fastpeoplesearch.com,safe
https://justwatch.com,safe
https://uefa.com,safe
https://google.com.cu,safe
https://pitneybowes.com,safe
https://stay22.com,safe
https://halktv.com.tr,safe
https://doctoreto.com,safe
https://cdsc.com.np,safe
https://fitgirl-repacks.site,safe
https://najiz.sa,safe
https://ruangguru.com,safe
https://onthebeach.co.uk,safe
https://aiease.ai,safe
https://azfamily.com,safe
https://getguru.com,safe
https://ctpost.com,safe
https://phrase.com,safe
https://samsungtvplus.com,safe
https://fotogramas.es,safe
https://sch.gr,safe
https://iwara.tv,safe
https://usatoday.com,safe
https://alphonso.tv,safe
https://taste.com.au,safe
https://autoexpress.co.uk,safe
https://phenompro.com,safe
https://highcharts.com,safe
https://xhing.xyz,safe
https://nationalinterest.org,safe
https://groovinads.com,safe
https://simplilearn.com,safe
https://insideclimatenews.org,safe
https://l3harris.com,safe
https://montclair.edu,safe
https://gale.com,safe
https://chroniclelive.co.uk,safe
https://myfinance.com,safe
https://10news.com,safe
https://cloudflare-ech.com,safe
https://duolingo.com,safe
https://cartier.com,safe
https://cimri.com,safe
https://com.de,safe
https://telecomitalia.it,safe
https://yandex.com,safe
https://dominos.com,safe
https://society6.com,safe
https://canadapost.ca,safe
https://kunasystems.com,safe
https://rnz.co.nz,safe
https://bayer.com,safe
https://actcorp.in,safe
https://cnbcindonesia.com,safe
https://bgportable.com,safe
https://perfectcorp.com,safe
https://geonames.org,safe
https://justindianporn.info,safe
https://polymarket.com,safe
https://idnpaito.com,safe
https://newffads.com,safe
https://wal.co,safe
https://pole-emploi.fr,safe
https://croc.ru,safe
https://answersingenesis.org,safe
https://push-sdk.com,safe
https://entrepreneur.com,safe
https://safer-networking.org,safe
https://manomano.es,safe
https://nar.realtor,safe
https://busbud.com,safe
https://nobokep.life,safe
https://sarahah.pro,safe
https://femina.hu,safe
https://nate.com,safe
https://mcpehub.org,safe
https://linkmake.in,safe
https://cairo.gov.eg,safe
https://nhathuoclongchau.com.vn,safe
https://iinet.net.au,safe
https://snyk.io,safe
https://gilt.com,safe
https://audible.com,safe
https://everhelper.pro,safe
https://instructuremedia.com,safe
https://computerweekly.com,safe
https://ozonhost.ru,safe
https://logz.io,safe
https://androidheadlines.com,safe
https://y2mate.nu,safe
https://win2day.at,safe
https://ushareit.com,safe
https://su89-cdn.net,safe
https://unisa.edu.au,safe
https://vidal.ru,safe
https://just-eat.com,safe
https://thehentai.net,safe
https://blockadsnot.com,safe
https://aimukreegee.net,safe
https://spotrac.com,safe
https://ahrq.gov,safe
https://fullcontact.com,safe
https://ariba.com,safe
https://pirelli.com,safe
https://tripadvisor.com.au,safe
https://liftoff.io,safe
https://breastcancer.org,safe
https://pricecharting.com,safe
https://xiph.org,safe
https://gotostage.com,safe
https://achieve3000.com,safe
https://signalfx.com,safe
https://rapid7.com,safe
https://argos.co.uk,safe
https://sptell.net,safe
https://niceincontact.com,safe
https://star-telegram.com,safe
https://ugdturner.com,safe
https://gocardless.com,safe
https://kia.com,safe
https://websitedemos.net,safe
https://gazeta.uz,safe
https://unimelb.edu.au,safe
https://arkoselabs.com,safe
https://ftc.gov,safe
https://byteconnect.io,safe
https://salk.edu,safe
https://fourseasons.com,safe
https://williams-sonoma.com,safe
https://joyn.de,safe
https://trinity-health.org,safe
https://eheya.net,safe
https://hopkinsmedicine.org,safe
https://aapanel.com,safe
https://hawaii.gov,safe
https://comodo.com,safe
https://hrylabour.gov.in,safe
https://ekonomim.com,safe
https://ki.se,safe
https://pivigames.blog,safe
https://mises.org,safe
https://meridianlink.com,safe
https://slrclub.com,safe
https://ametsoc.org,safe
https://icloud.com.cn,safe
https://nbcnewyork.com,safe
https://3movs.com,safe
https://skyscanner.es,safe
https://syncbak.com,safe
https://pillpack.com,safe
https://17173.com,safe
https://hothindixxx.com,safe
https://bocongan.gov.vn,safe
https://neat.no,safe
https://bedbathandbeyond.com,safe
https://yango.com,safe
https://googledomains.com,safe
https://toonkor476.com,safe
https://beeline.kz,safe
https://reamaze.com,safe
https://lightspeedevo.com,safe
https://afthemes.com,safe
https://basis.net,safe
https://espnpressroom.com,safe
https://newsbtc.com,safe
https://liiivideo.com,safe
https://romsgames.net,safe
https://pornhub.org,safe
https://diggerslist.com,safe
https://breakingdefense.com,safe
https://huffingtonpost.jp,safe
https://google.com.bd,safe
https://whmcs.com,safe
https://giacaphe.com,safe
https://hosting-cloud.net,safe
https://deliveroo.co.uk,safe
https://glovoapp.com,safe
https://monad.xyz,safe
https://kingarthurbaking.com,safe
https://ysonetwork.com,safe
https://bodis.com,safe
https://milesplit.com,safe
https://ajay.app,safe
https://steemit.com,safe
https://activecampaign.com,safe
https://procergs.com.br,safe
https://webxseries.net,safe
https://bolavip.com,safe
https://pushtorm.net,safe
https://jsbin.com,safe
https://centrum.cz,safe
https://hybrid.ai,safe
https://artremy.com,safe
https://ipleak.net,safe
https://saksfifthavenue.com,safe
https://weatherspark.com,safe
https://stylecaster.com,safe
https://eztvx.to,safe
https://puhutv.com,safe
https://siteground.com,safe
https://boots.com,safe
https://placed.com,safe
https://infomoney.com.br,safe
https://domru.ru,safe
https://passkey.com,safe
https://agorapulse.com,safe
https://traffmonetizer.com,safe
https://xanimu.com,safe
https://myprotein.com,safe
https://sipnet.ru,safe
https://zuora.com,safe
https://ihc.ru,safe
https://smbcnikko.co.jp,safe
https://casino.org,safe
https://nozomi.la,safe
https://mdr.de,safe
https://org.ru,safe
https://nationalrail.co.uk,safe
https://nasuni.com,safe
https://pearson.com,safe
https://webopulsar.com,safe
https://radiofrance.fr,safe
https://xbit.jp,safe
https://nettruyenvie.com,safe
https://onepeloton.com,safe
https://tube8.com,safe
https://melonstube.com,safe
https://esmadrid.com,safe
https://wangsu.com,safe
https://vlxx.fm,safe
https://bangor.ac.uk,safe
https://mopinion.com,safe
https://seitacelestial.com,safe
https://ine.es,safe
https://phenompeople.com,safe
https://unimi.it,safe
https://jut.su,safe
https://qvcuk.com,safe
https://yadi.sk,safe
https://nycourts.gov,safe
https://lamoda.ru,safe
https://ahindian.com,safe
https://tele2.se,safe
https://sourceforge.io,safe
https://boltgaming.io,safe
https://bundesregierung.de,safe
https://9now.com.au,safe
https://swoogo.com,safe
https://unm.edu,safe
https://skyscanner.net,safe
https://az24.vn,safe
https://regus.com,safe
https://hgtv.com,safe
https://hentairead.com,safe
https://finder.com,safe
https://idntimes.com,safe
https://mail2world.com,safe
https://earnin.com,safe
https://aso1.net,safe
https://103.by,safe
https://travelodge.co.uk,safe
https://aaas.org,safe
https://lacity.org,safe
https://debugbear.com,safe
https://skymovieshd.video,safe
https://themoviedb.org,safe
https://lemonade.com,safe
https://utic.net.ba,safe
https://sciencedirect.com,safe
https://food52.com,safe
https://gitea.io,safe
https://unity3d.com,safe
https://appstate.edu,safe
https://anlatilaninotesi.com.tr,safe
https://netafraz.com,safe
https://anthropologie.com,safe
https://univ-nantes.fr,safe
https://louisville.edu,safe
https://flashback.org,safe
https://ufiler.pro,safe
https://joinhoney.com,safe
https://createjs.com,safe
https://uni-wuerzburg.de,safe
https://gitlab.io,safe
https://thefuse.co.za,safe
https://mq.edu.au,safe
https://brusselstimes.com,safe
https://fendi.com,safe
https://eyeo.com,safe
https://takeaway.com,safe
https://ufc.br,safe
https://codeproject.com,safe
https://onlydomains.com,safe
https://winexch24.com,safe
https://neocities.org,safe
https://lolesports.com,safe
https://broadstreetads.com,safe
https://evooli.com,safe
https://leroymerlin.pt,safe
https://q1.com,safe
https://diia.gov.ua,safe
https://beforeitsnews.com,safe
https://rsc.org,safe
https://lbl.gov,safe
https://entrust.net,safe
https://daman.game,safe
https://houseoffraser.co.uk,safe
https://ground.news,safe
https://barchart.com,safe
https://incomm.com,safe
https://aston.ac.uk,safe
https://weekand.com,safe
https://bappam.org,safe
https://spglobal.com,safe
https://timesnowhindi.com,safe
https://superguidatv.it,safe
https://connectcdk.com,safe
https://edmunds.com,safe
https://novel543.com,safe
https://nrk.no,safe
https://gala.fr,safe
https://ozon.ru,safe
https://sportico.com,safe
https://webflow.com,safe
https://lottosociety.com,safe
https://minecraftskins.com,safe
https://bet365.gr,safe
https://wpengine.com,safe
https://nishinippon.co.jp,safe
https://labiennale.org,safe
https://litatom.com,safe
https://aptosnames.com,safe
https://gala.com,safe
https://ro.co,safe
https://ameren.com,safe
https://fakti.bg,safe
https://ilogy.ru,safe
https://ovoenergy.com,safe
https://employeenavigator.com,safe
https://obozrevatel.com,safe
https://xozilla.xxx,safe
https://ucl.ac.uk,safe
https://scipy.org,safe
https://matrixcare.com,safe
https://zamalektoday.com,safe
https://brightline.tv,safe
https://xiaomiyoupin.com,safe
https://mytel.com.mm,safe
https://pleinevie.fr,safe
https://asiatimes.com,safe
https://tass.ru,safe
https://sicredi.com.br,safe
https://entreda.com,safe
https://usdoj.gov,safe
https://winline.ru,safe
https://dmitory.com,safe
https://screen.cloud,safe
https://mtdata.ru,safe
https://echostar.com,safe
https://lynda.com,safe
https://dialogue.co,safe
https://sams.com.mx,safe
https://axissecurity.com,safe
https://ebaumsworld.com,safe
https://dvidshub.net,safe
https://mitsubishielectric.com,safe
https://free-ebooks.net,safe
https://nic.site,safe
https://acemlna.com,safe
https://gkg.net,safe
https://madewell.com,safe
https://felissimo.co.jp,safe
https://snaptubear.com,safe
https://moviesda.com.mx,safe
https://trendyol.com,safe
https://egihosting.com,safe
https://freecycle.org,safe
https://rule34.xyz,safe
https://cedars-sinai.org,safe
https://jiji.com,safe
https://time.gov,safe
https://rottentomatoes.com,safe
https://yeti.com,safe
https://toasttab.com,safe
https://ibitsinternet.co.za,safe
https://mcm.ru,safe
https://apartmentguide.com,safe
https://livejasmin.com,safe
https://fow.lol,safe
https://google.ws,safe
https://careerpower.in,safe
https://shopperapproved.com,safe
https://idexx.com,safe
https://inagel88.com,safe
https://gmlinteractive.com,safe
https://freeconvert.com,safe
https://litres.ru,safe
https://blinkist.com,safe
https://climatempo.com.br,safe
https://ptb.de,safe
https://yandex.com.tr,safe
https://learnosity.com,safe
https://danviet.vn,safe
https://userlane.com,safe
https://vutbr.cz,safe
https://porch.com,safe
https://1cent.in,safe
https://filmyzilla.net.bz,safe
https://kupi.cz,safe
https://offerup.com,safe
https://spokesman.com,safe
https://abc15.com,safe
https://editmysite.com,safe
https://askubuntu.com,safe
https://rakuten.tv,safe
https://itprotoday.com,safe
https://healthsafe-id.com,safe
https://majhinaukri.in,safe
https://upi-pays.com,safe
https://romspedia.com,safe
https://cftc.gov,safe
https://22.cn,safe
https://thenewstribune.com,safe
https://anyxxx.com,safe
https://enel.com.br,safe
https://monitordomercado.com.br,safe
https://decathlon.it,safe
https://viz.com,safe
https://jsuol.com.br,safe
https://playsimple.games,safe
https://ntu.edu.sg,safe
https://shell.com,safe
https://uri.edu,safe
https://musc.edu,safe
https://minijuegos.com,safe
https://ukr.net,safe
https://technicalranjay.net,safe
https://pngegg.com,safe
https://ou.edu,safe
https://geysermc.org,safe
https://veeam.com,safe
https://austintexas.gov,safe
https://xvideos.tv.br,safe
https://junkemailfilter.com,safe
https://unctad.org,safe
https://acs.org,safe
https://arabnudes.net,safe
https://terratraf.com,safe
https://usbank.com,safe
https://ibet788.com,safe
https://google.cv,safe
https://ibommaai.com,safe
https://on24.com,safe
https://alberta.ca,safe
https://mazafakas.com,safe
https://uber.com,safe
https://clickmeeting.com,safe
https://banno.com,safe
https://newsela.com,safe
https://cafemedia.com,safe
https://tilda.ru,safe
https://citigroup.com,safe
https://michaels.com,safe
https://responsiveads.com,safe
https://samba.tv,safe
https://gnezdo.ru,safe
https://football.ua,safe
https://mzansipornvideos.com,safe
https://wiodo.tech,safe
https://cn.com,safe
https://jalbum.net,safe
https://thenews.com.pk,safe
https://camscanner.com,safe
https://lifeaiot.com,safe
https://trendybeatz.com,safe
https://leadsrx.com,safe
https://bqg9527.cc,safe
https://oreilly.com,safe
https://migros.ch,safe
https://meherdewogoud.com,safe
https://openlearning.com,safe
https://betika.com,safe
https://chevrolet.com,safe
https://ppomppu.co.kr,safe
https://frontapp.com,safe
https://saashr.com,safe
https://profesia.sk,safe
https://portalsamorzadowy.pl,safe
https://justgiving.com,safe
https://lucky.net,safe
https://openculture.com,safe
https://carbonmade.com,safe
https://cra.cz,safe
https://chewy.com,safe
https://shop-pro.jp,safe
https://autogidas.lt,safe
https://ipdata.co,safe
https://cijoorsairgusa.com,safe
https://goodnewsnetwork.org,safe
https://kaskus.co.id,safe
https://itunes.com,safe
https://kzgdz.com,safe
https://prnt.sc,safe
https://metadialog.com,safe
https://toonkor484.com,safe
https://f5.com,safe
https://dennikn.sk,safe
https://centrum24.pl,safe
https://amspbs.com,safe
https://bilimclass.kz,safe
https://pximg.net,safe
https://peerj.com,safe
https://orcd.co,safe
https://watchmovierulz.foo,safe
https://framer.app,safe
https://blogspot.sg,safe
https://unilever.com,safe
https://mimecast.net,safe
https://wikimapia.org,safe
https://2ksports.com,safe
https://woman.ru,safe
https://zerion.io,safe
https://meteored.com.ar,safe
https://stevemadden.com,safe
https://xmrig.com,safe
https://google.co.il,safe
https://posta.com.tr,safe
https://stv.tv,safe
https://hellosehat.com,safe
https://americastestkitchen.com,safe
https://lioden.com,safe
https://pinterestdownloader.com,safe
https://quintoandar.com.br,safe
https://shein.com,safe
https://hitomi.la,safe
https://intermedia.net,safe
https://ktm.com,safe
https://xn--42cah7d0cxcvbbb9x.com,safe
https://wikibooks.org,safe
https://porn.biz,safe
https://bosch-home.com,safe
https://ohchr.org,safe
https://samhsa.gov,safe
https://voipbuster.com,safe
https://ecco.com,safe
https://kasserver.com,safe
https://home.blog,safe
https://advfn.com,safe
https://indiapost.gov.in,safe
https://bookbub.com,safe
https://clubic.com,safe
https://zdbb.net,safe
https://magicmodapk.com,safe
https://next.ie,safe
https://bytello.com,safe
https://familydoctor.org,safe
https://yt1d.com,safe
https://ix.ru,safe
https://christianity.com,safe
https://tripadvisor.co.uk,safe
https://frequency.com,safe
https://adspower.com,safe
https://tubidy.cool,safe
https://extremereach.com,safe
https://lseg.com,safe
https://750g.com,safe
https://xmalay.net,safe
https://onaudience.com,safe
https://on3.com,safe
https://scorm.com,safe
https://claro.com.ar,safe
https://papercut.com,safe
https://sjsu.edu,safe
https://xnxxsex.net,safe
https://yousendit.com,safe
https://waves.com,safe
https://blockpi.network,safe
https://pennlive.com,safe
https://hemingwayapp.com,safe
https://webcasts.com,safe
https://phonearena.com,safe
https://brandcrowd.com,safe
https://junaidjamshed.com,safe
https://brunch.co.kr,safe
https://chubb.com,safe
https://a8.net,safe
https://marketingdive.com,safe
https://unc.edu.ar,safe
https://istoe.com.br,safe
https://doi.gov,safe
https://letras.mus.br,safe
https://verywellfit.com,safe
https://ynet.co.il,safe
https://kyoto-u.ac.jp,safe
https://speedof.me,safe
https://jet2.com,safe
https://bola.net,safe
https://sarenet.es,safe
https://moovitapp.com,safe
https://atcom.gr,safe
https://google.co.ke,safe
https://shmu.sk,safe
https://taiwannews.com.tw,safe
https://hitwebcounter.com,safe
https://google.com.ua,safe
https://square.link,safe
https://kandji.io,safe
https://alidns.com,safe
https://eia.gov,safe
https://forth.gr,safe
https://gopuff.com,safe
https://royaleapi.com,safe
https://rainn.org,safe
https://lohud.com,safe
https://deutsche-rentenversicherung.de,safe
https://ntt.com,safe
https://gamepix.com,safe
https://poliziadistato.it,safe
https://qualcomm.com,safe
https://crestron.com,safe
https://mt.gov,safe
https://amd.com,safe
https://superawesome.tv,safe
https://mangaworld.ac,safe
https://linux.com,safe
https://ctvnews.ca,safe
https://ms-hook.ru,safe
https://1337x.to,safe
https://metu.edu.tr,safe
https://ecma-international.org,safe
https://sudinfo.be,safe
https://wassenaar.org,safe
https://heise.de,safe
https://uio.no,safe
https://irishexaminer.com,safe
https://serverfault.com,safe
https://sportsdirect.com,safe
https://lot.com,safe
https://utas.edu.au,safe
https://58.com,safe
https://mountain.com,safe
https://allure.com,safe
https://wiscnet.net,safe
https://internshala.com,safe
https://rovio.com,safe
https://au.dk,safe
https://tameteo.com,safe
https://trustwave.com,safe
https://boredpanda.com,safe
https://iqm.com,safe
https://fwmrm.net,safe
https://palmplaystore.com,safe
https://mediatek.com,safe
https://connectiverx.com,safe
https://ecfr.gov,safe
https://antpeak.com,safe
https://lider.cl,safe
https://opensignal.com,safe
https://blackview.hk,safe
https://eskimi.com,safe
https://tiktop-free.com,safe
https://afamily.vn,safe
https://macmillan.org.uk,safe
https://sadovnik.mobi,safe
https://heroeswm.ru,safe
https://change.org,safe
https://wnyc.org,safe
https://appcenter.ms,safe
https://omnisendlink.com,safe
https://sacnilk.com,safe
https://smartinmate.com,safe
https://olx.ua,safe
https://intensedebate.com,safe
https://pornovore.fr,safe
https://caixin.com,safe
https://genesis.com,safe
https://dfb.de,safe
https://satta-company.com,safe
https://permkrai.ru,safe
https://navdmp.com,safe
https://xycdn.com,safe
https://kaik.ai,safe
https://exblog.jp,safe
https://memuplay.com,safe
https://koddi.com,safe
https://ernstings-family.de,safe
https://dailycaller.com,safe
https://svt.se,safe
https://movidesk.com,safe
https://zephr.com,safe
https://crex.live,safe
https://bloomberg.net,safe
https://smrtb.com,safe
https://crosswordsolver.com,safe
https://starbucks.ie,safe
https://companycam.com,safe
https://sweatco.in,safe
https://polki.pl,safe
https://econmingle.com,safe
https://ipsy.com,safe
https://taboodesi.net,safe
https://jiomart.com,safe
https://iptvportal.ru,safe
https://au.int,safe
https://0123movie.net,safe
https://zimperium.com,safe
https://xnxx.fit,safe
https://pcmirror.cc,safe
https://medex.com.bd,safe
https://search.com,safe
https://google.co.jp,safe
https://tg.dev,safe
https://piano.io,safe
https://port.hu,safe
https://plemiona.pl,safe
https://dofuspourlesnoobs.com,safe
https://mypromethean.com,safe
https://pubg.com,safe
https://lidl.ro,safe
https://fbi.gov,safe
https://cnki.net,safe
https://minnpost.com,safe
https://supersport.hr,safe
https://onelogin.com,safe
https://ontraport.com,safe
https://bigmarker.com,safe
https://sorbonne-universite.fr,safe
https://megamarket.ru,safe
https://mintel.com,safe
https://allfootballapp.com,safe
https://gettyimages.com,safe
https://anandabazar.com,safe
https://hatla2ee.com,safe
https://citilink.ru,safe
https://lionstudios.cc,safe
https://podscribe.com,safe
https://abc.com,safe
https://xs4all.nl,safe
https://bigdatacloud.net,safe
https://potok.io,safe
https://a24.com,safe
https://eppibrasil.com,safe
https://chicago.gov,safe
https://xxxivjmp.com,safe
https://snow.me,safe
https://bill.com,safe
https://wisc.edu,safe
https://amarujala.com,safe
https://astro.com,safe
https://i.ua,safe
https://altroconsumo.it,safe
https://syf.com,safe
https://blpprofessional.com,safe
https://traefik.io,safe
https://quad9.net,safe
https://skillbox.pro,safe
https://gmossp-sp.jp,safe
https://terabox.app,safe
https://kwik.si,safe
https://umang.gov.in,safe
https://ondacero.es,safe
https://wounofoarausooy.net,safe
https://ncl.com,safe
https://rawpixel.com,safe
https://uc3m.es,safe
https://sharepoint.com,safe
https://wattpad.com,safe
https://blurb.com,safe
https://satu.kz,safe
https://ekathimerini.com,safe
https://goctruyentranhvui9.com,safe
https://cuny.edu,safe
https://cliffsnotes.com,safe
https://wipo.int,safe
https://thediplomat.com,safe
https://sir90hl.com,safe
https://ihs.com,safe
https://69shuba.com,safe
https://adresowo.pl,safe
https://veevacrm.com,safe
https://oohcams.com,safe
https://dnb.com,safe
https://pdfsimpli.com,safe
https://thisav.com,safe
https://blowfires.com,safe
https://classy.be,safe
https://asahi.com,safe
https://ourworldindata.org,safe
https://backtrace.io,safe
https://qrco.de,safe
https://sciencespo.fr,safe
https://plu.mx,safe
https://bestreviews.com,safe
https://y2meta.tube,safe
https://bongdaplus.vn,safe
https://act.org,safe
https://lightnovelpub.com,safe
https://bluewin.ch,safe
https://amboss.com,safe
https://andpad.jp,safe
https://yahoo.com,safe
https://wmata.com,safe
https://hornbach.nl,safe
https://aha.org,safe
https://pampers.com,safe
https://sangetube.tube,safe
https://summitracing.com,safe
https://allmylinks.com,safe
https://mix.com,safe
https://epfindia.gov.in,safe
https://wn.com,safe
https://andbeyond.media,safe
https://omniglot.com,safe
https://next.co.uk,safe
https://finchapi.com,safe
https://apteka.ru,safe
https://gobid.co.za,safe
https://google.it,safe
https://flashscore.fr,safe
https://dkimwl.org,safe
https://bonprix.de,safe
https://msnbc.com,safe
https://softonic.ru,safe
https://moneysupermarket.com,safe
https://bupa.com.au,safe
https://bl.uk,safe
https://smakosze.pl,safe
https://cineb.rs,safe
https://vestiairecollective.com,safe
https://aigaea.net,safe
https://ninemsn.com.au,safe
https://ucsc.edu,safe
https://openintegration.inc,safe
https://zhihu.com,safe
https://badasstorrents.com,safe
https://smg.com,safe
https://lobstermania-slot.com,safe
https://9news.com.au,safe
https://callsign.com,safe
https://shopsy.in,safe
https://ratkojat.fi,safe
https://zohopublic.com,safe
https://tabii.com,safe
https://timberland.com,safe
https://design.com,safe
https://arsmate.com,safe
https://myspace.com,safe
https://sbermarket.ru,safe
https://progorod35.ru,safe
https://stanfordhealthcare.org,safe
https://dailyherald.com,safe
https://ispot.tv,safe
https://identogo.com,safe
https://ny.gov,safe
https://gentoo.org,safe
https://adbro.me,safe
https://geforcenow.com,safe
https://rki.de,safe
https://x9fnzrtl4x8pynsf.com,safe
https://global-e.com,safe
https://vrtcal.com,safe
https://your-server.de,safe
https://disasterassistance.gov,safe
https://tribunnews.com,safe
https://musixmatch.com,safe
https://luizalabs.com,safe
https://av-th.net,safe
https://wlu.ca,safe
https://kfc.com,safe
https://adorocinema.com,safe
https://flosports.tv,safe
https://financnasprava.sk,safe
https://moonshot.cn,safe
https://muitohentai.com,safe
https://matillion.com,safe
https://ngs.ru,safe
https://carbuzz.com,safe
https://tiempo.com.mx,safe
https://care.com,safe
https://doeda-hoka.xyz,safe
https://directv.com,safe
https://mnn.com,safe
https://coinex.com,safe
https://societegenerale.com,safe
https://unu.im,safe
https://rd.go.th,safe
https://sendbird.com,safe
https://democracynow.org,safe
https://splcenter.org,safe
https://mailerlite.com,safe
https://nethost.cz,safe
https://nic.ai,safe
https://usta.com,safe
https://site123.me,safe
https://cnnturk.com,safe
https://cair.ru,safe
https://zerodha.com,safe
https://wetv.vip,safe
https://cell.com,safe
https://portaldozacarias.com.br,safe
https://cynet.com,safe
https://partner.co.il,safe
https://libero.pe,safe
https://bato.to,safe
https://havadurumu15gunluk.xyz,safe
https://yoho.media,safe
https://woopra.com,safe
https://vidiq.com,safe
https://nirsoft.net,safe
https://diabetes.org,safe
https://lc.chat,safe
https://boylove.cc,safe
https://doubao.com,safe
https://bath.ac.uk,safe
https://pewresearch.org,safe
https://pozdravok.com,safe
https://casadellibro.com,safe
https://okmagazine.com,safe
https://jqueryui.com,safe
https://jcrew.com,safe
https://inthesetimes.com,safe
https://ncoa.org,safe
https://teleparty.com,safe
https://calibre-ebook.com,safe
https://sinsay.com,safe
https://apkfunny.com,safe
https://coldwellbankerhomes.com,safe
https://wmich.edu,safe
https://uvrazh.ru,safe
https://magisto.com,safe
https://bonappetit.com,safe
https://castorama.pl,safe
https://javdb.com,safe
https://otdelit.ru,safe
https://appodeal.com,safe
https://androeed.ru,safe
https://adultsearch.com,safe
https://tsdtocl.com,safe
https://jtexpress.com.cn,safe
https://craigslist.org,safe
https://stirileprotv.ro,safe
https://personio.de,safe
https://dialoguecorp.com,safe
https://anthill.farm,safe
https://no-ip.com,safe
https://nespresso.com,safe
https://technologyreview.com,safe
https://cnrtl.fr,safe
https://practo.com,safe
https://sabq.org,safe
https://guns.ru,safe
https://uphoria.pro,safe
https://xnxx-arabic.com,safe
https://skyscanner.de,safe
https://bunte.de,safe
https://objectrocket.com,safe
https://cisco.com,safe
https://vidoza.net,safe
https://superoffice.com,safe
https://miaozhen.com,safe
https://pace.edu,safe
https://townwork.net,safe
https://aerzteblatt.de,safe
https://sciencemuseum.org.uk,safe
https://lord-of-the-ocean-slot.com,safe
https://usask.ca,safe
https://bigstockphoto.com,safe
https://bepress.com,safe
https://example.com,safe
https://govdotin.com,safe
https://cp.sk,safe
https://code42.com,safe
https://deloitte.com,safe
https://livemaster.ru,safe
https://slu.se,safe
https://inwporn.com,safe
https://threatpost.com,safe
https://askgamblers.com,safe
https://qwilt.com,safe
https://bifit.com,safe
https://governmentjobs.com,safe
https://calmatters.org,safe
https://directadmin.com,safe
https://financesonline.com,safe
https://sncf-connect.com,safe
https://rijksmuseum.nl,safe
https://aph.gov.au,safe
https://surfside.io,safe
https://xiaojukeji.com,safe
https://numerade.com,safe
https://musichi.ir,safe
https://360kuai.com,safe
https://revzilla.com,safe
https://cafepress.com,safe
https://hardened-php.net,safe
https://health.com,safe
https://diowebhost.com,safe
https://sc.com,safe
https://corppn.ru,safe
https://makeshop.co.kr,safe
https://moveworks.com,safe
https://rees46.ru,safe
https://bookmark.xxx,safe
https://mydramawave.com,safe
https://cleverwebserver.com,safe
https://tjk.org,safe
https://rover.de,safe
https://wedos.cz,safe
https://swishapps.ai,safe
https://ktalk.ru,safe
https://wgrz.com,safe
https://travix.com,safe
https://4strokemedia.com,safe
https://cifraclub.com,safe
https://eventbrite.de,safe
https://ukrainianwall.com,safe
https://kryptex.com,safe
https://xtendhealthcare.net,safe
https://bergfex.at,safe
https://movistar.es,safe
https://json.org,safe
https://kemdiktisaintek.go.id,safe
https://nami.org,safe
https://schwabrt.com,safe
https://yallaludo.com,safe
https://gog.com,safe
https://pictoa.com,safe
https://handyhost.ru,safe
https://opencart.com,safe
https://zopim.com,safe
https://is.co.za,safe
https://terabyteshop.com.br,safe
https://llamarpc.com,safe
https://limundo.com,safe
https://ebay.com,safe
https://managebuilding.com,safe
https://net.ru,safe
https://vilaweb.cat,safe
https://consumerreports.org,safe
https://cambro.tv,safe
https://monotype.com,safe
https://state.gov,safe
https://qianxin.com,safe
https://active24.cz,safe
https://cookieinformation.com,safe
https://lexpress.fr,safe
https://finanzen.net,safe
https://ria.com,safe
https://zarahome.com,safe
https://3d-galleru.ru,safe
https://google.co.cr,safe
https://yieldify.com,safe
https://mxtoolbox.com,safe
https://tokubai.co.jp,safe
https://brave.com,safe
https://jugem.jp,safe
https://columbian.com,safe
https://onlinetrade.ru,safe
https://currenttime.tv,safe
https://minna.cc,safe
https://kik.com,safe
https://vnu.edu.vn,safe
https://wunderground.com,safe
https://consentmanager.net,safe
https://ncaa.org,safe
https://zebra.engineering,safe
https://quia.com,safe
https://fox888.vip,safe
https://subscribe.ru,safe
https://leaktube.net,safe
https://petitiononline.com,safe
https://timesofindia.com,safe
https://sciencing.com,safe
https://www.nhs.uk,safe
https://betpawa.co.zm,safe
https://krushmedia.com,safe
https://uhc.com,safe
https://keywordtool.io,safe
https://mail.com,safe
https://xbox.com,safe
https://local12.com,safe
https://posteo.de,safe
https://firstvds.ru,safe
https://lowyat.net,safe
https://perf1.fr,safe
https://wazzup24.com,safe
https://veoh.com,safe
https://odnoklassniki.ru,safe
https://chumbacasino.com,safe
https://austrian.com,safe
https://ohio.edu,safe
https://ucop.edu,safe
https://blizzard.com,safe
https://digital-photography-school.com,safe
https://targetads.io,safe
https://meesho.com,safe
https://phimxxx.ai,safe
https://cloudflare-dns.com,safe
https://vacationstogo.com,safe
https://hailuoai.video,safe
https://kundelik.kz,safe
https://alby.com,safe
https://infonline.de,safe
https://nanoreview.net,safe
https://microchip.com,safe
https://utdallas.edu,safe
https://wesleyan.edu,safe
https://filmyfly.moi,safe
https://blogspot.co.id,safe
https://antwerpen.be,safe
https://ledger.com,safe
https://sympla.com.br,safe
https://v6velugu.com,safe
https://yaml.org,safe
https://nolo.com,safe
https://gla.ac.uk,safe
https://novinhabucetuda.com,safe
https://cdn4ads.com,safe
https://semana.es,safe
https://mtnews24.com,safe
https://ada.support,safe
https://alstom.com,safe
https://spring.io,safe
https://portalinmobiliario.com,safe
https://examiner.com,safe
https://on-running.com,safe
https://partcommunity.com,safe
https://flashscore.vn,safe
https://nextgov.com,safe
https://ready.gov,safe
https://passeportsante.net,safe
https://popmart.com,safe
https://locationshare.pro,safe
https://laposte.fr,safe
https://pydata.org,safe
https://redporn.video,safe
https://tagheuer.com,safe
https://gannett-cdn.com,safe
https://tatlerasia.com,safe
https://dealeron.com,safe
https://shownieuws.nl,safe
https://gqmagazine.fr,safe
https://securelist.com,safe
https://fotka.com,safe
https://businesslive.co.za,safe
https://yorkshirepost.co.uk,safe
https://schneider-electric.com,safe
https://staffhub.ms,safe
https://mediapart.fr,safe
https://24sata.hr,safe
https://betway.co.zm,safe
https://woot.com,safe
https://kucoin.plus,safe
https://loudwire.com,safe
https://defferrari.com.br,safe
https://autoscout24.it,safe
https://flexbe.ru,safe
https://calculatorsoup.com,safe
https://niadd.com,safe
https://ratemyprofessors.com,safe
https://dallasobserver.com,safe
https://kaseya.com,safe
https://abupdate.com,safe
https://verywellmind.com,safe
https://rhs.org.uk,safe
https://google.com.ar,safe
https://javdob.com,safe
https://google.co.ve,safe
https://blogspot.se,safe
https://hyperliquid.xyz,safe
https://mahabhumi.gov.in,safe
https://uhcprovider.com,safe
https://gujaratsamachar.com,safe
https://royaljeet247.com,safe
https://therarbg.to,safe
https://lrt.lt,safe
https://samplicio.us,safe
https://walmart.com,safe
https://flowplayer.com,safe
https://cyberok.ru,safe
https://hbwrapper.com,safe
https://sublimetext.com,safe
https://novosti.rs,safe
https://groupon.com,safe
https://startlogic.com,safe
https://period-calendar.com,safe
https://backblaze.com,safe
https://napthe.vn,safe
https://kqed.org,safe
https://zoro.com,safe
https://optisigns.com,safe
https://myfonts.com,safe
https://appmedia.jp,safe
https://lockheedmartin.com,safe
https://joyclub.com,safe
https://p-world.co.jp,safe
https://iupui.edu,safe
https://hypebeast.com,safe
https://altervista.org,safe
https://xhspot.com,safe
https://swr.de,safe
https://slacker.com,safe
https://vbet.am,safe
https://optimole.com,safe
https://adjust.com,safe
https://clubhouse.com,safe
https://staradvertiser.com,safe
https://einnews.com,safe
https://wpmudev.com,safe
https://yanao.ru,safe
https://tapas.io,safe
https://township.mobi,safe
https://cogeco.ca,safe
https://itech-group.ru,safe
https://dataimpulse.com,safe
https://progressive.com,safe
https://footballinsider247.com,safe
https://home-assistant.io,safe
https://nxp.net,safe
https://gotoresolve.com,safe
https://xhamster19.com,safe
https://liebherr.com,safe
https://businessoffashion.com,safe
https://dynata.com,safe
https://uta-net.com,safe
https://lahalle.com,safe
https://flyertalk.com,safe
https://hostgator.com.br,safe
https://gamasutra.com,safe
https://powershellgallery.com,safe
https://ohbos4.com,safe
https://amazon.es,safe
https://iberia.com,safe
https://agat-prestige.ru,safe
https://fivetran.com,safe
https://manomano.de,safe
https://ceskatelevize.cz,safe
https://drunkenslug.com,safe
https://byd.com,safe
https://rongbachkim.net,safe
https://ably.net,safe
https://lg.com,safe
https://wyborcza.pl,safe
https://zhaopin.com,safe
https://imperial.ac.uk,safe
https://stnvideo.com,safe
https://onlineperya.com,safe
https://travelchannel.com,safe
https://fetch.com,safe
https://turbosquid.com,safe
https://alaskausa.org,safe
https://smi2.net,safe
https://deriv.com,safe
https://twistedsifter.com,safe
https://peakpx.com,safe
https://imotech.site,safe
https://acquia.com,safe
https://desmoinesregister.com,safe
https://magento.cloud,safe
https://livescience.com,safe
https://tohotheater.jp,safe
https://google.md,safe
https://up.pt,safe
https://brooklynmuseum.org,safe
https://ntsb.gov,safe
https://juniper.net,safe
https://kanta.fi,safe
https://toptoon.jp,safe
https://ufs-online.ru,safe
https://playhop.com,safe
https://dnsleaktest.com,safe
https://apexnews-latam.com,safe
https://lenlut.tv,safe
https://emarsys.net,safe
https://nordlayer.com,safe
https://baesystems.com,safe
https://rusklimat.ru,safe
https://utu.fi,safe
https://zonajakarta.com,safe
https://jd.com,safe
https://homecredit.kz,safe
https://scielo.br,safe
https://rootsweb.com,safe
https://bancopan.com.br,safe
https://psacard.com,safe
https://carilion.com,safe
https://naviance.com,safe
https://warontherocks.com,safe
https://tzegilo.com,safe
https://wordcamp.org,safe
https://12371.cn,safe
https://bunny.net,safe
https://flinders.edu.au,safe
https://jcyl.es,safe
https://limelight.pk,safe
https://quickconnect.cn,safe
https://lidovky.cz,safe
https://coveo.com,safe
https://vshkole.com,safe
https://privacypolicygenerator.info,safe
https://autohero.com,safe
https://backinstock.org,safe
https://opensource.com,safe
https://dailyshincho.jp,safe
https://newsbeast.gr,safe
https://lasvegassun.com,safe
https://tapatalk.com,safe
https://realytics.io,safe
https://novelfull.com,safe
https://blogspot.mx,safe
https://ccleaner.com,safe
https://redfin.com,safe
https://swp.de,safe
https://sxyprn.net,safe
https://livedoor.com,safe
https://standardmedia.co.ke,safe
https://epik.com,safe
https://tripadvisor.es,safe
https://bookmyshow.com,safe
https://loilonote.app,safe
https://postal.pt,safe
https://protothema.gr,safe
https://portableapps.com,safe
https://blogspot.com,safe
https://bangkokpost.com,safe
https://physiology.org,safe
https://google.bg,safe
https://runescape.com,safe
https://skylinewebcams.com,safe
https://paho.org,safe
https://leanplum.com,safe
https://openedition.org,safe
https://colorlib.com,safe
https://xunta.gal,safe
https://multiple.cc,safe
https://gb.net,safe
https://53kf.com,safe
https://decathlon.fr,safe
https://mccme.ru,safe
https://stonly.com,safe
https://ammyy.com,safe
https://winbuzz.co.in,safe
https://maredpt.com,safe
https://womansworld.com,safe
https://eab.com,safe
https://harrypotter.com,safe
https://flixmate.net,safe
https://truoptik.com,safe
https://drogaraia.com.br,safe
https://yallakora.com,safe
https://paizowheefash.net,safe
https://vinted.pl,safe
https://empower.com,safe
https://postgen.com,safe
https://xilinx.com,safe
https://rubias19.tv,safe
https://windowscentral.com,safe
https://sleepnumber.com,safe
https://thisiscm.com,safe
https://questionai.com,safe
https://fedoraproject.org,safe
https://shopch.jp,safe
https://goctruyentranhvuiaa.com,safe
https://aoxx69.net,safe
https://laliga.com,safe
https://techadvisor.com,safe
https://redtube.net,safe
https://avid.com,safe
https://snowmtl.ru,safe
https://eagleeyenetworks.com,safe
https://complianz.io,safe
https://gameloop.com,safe
https://keepass.info,safe
https://easycruit.com,safe
https://n-able.com,safe
https://tender.pro,safe
https://mirea.ru,safe
https://tablecheck.com,safe
https://itu.edu.tr,safe
https://forcedcinema.net,safe
https://facts.net,safe
https://iucn.org,safe
https://codycross-game.com,safe
https://arukereso.com,safe
https://sandals.com,safe
https://alar.my,safe
https://thinkgeek.com,safe
https://diariolibre.com,safe
https://letras.com,safe
https://swapcard.com,safe
https://lumalabs.ai,safe
https://getelevar.com,safe
https://kontur.ru,safe
https://qoo10.jp,safe
https://itau.com.br,safe
https://npmjs.org,safe
https://vogue.es,safe
https://yidianzixun.com,safe
https://balena.io,safe
https://relevant-digital.com,safe
https://superbet.ro,safe
https://kugou.com,safe
https://bloglines.com,safe
https://switch.ch,safe
https://mavenlink.com,safe
https://divvy.co,safe
https://wallhaven.cc,safe
https://lulu.com,safe
https://trendmicro.eu,safe
https://euro.com.pl,safe
https://wpolityce.pl,safe
https://pornozavr.net,safe
https://wsu.edu,safe
https://metrotimes.com,safe
https://messagelabs.com,safe
https://cadillac.com,safe
https://jyu.fi,safe
https://pushed.ru,safe
https://uni-koeln.de,safe
https://storygize.net,safe
https://atavi.com,safe
https://amis.net,safe
https://futbol-11.com,safe
https://kunmanga.com,safe
https://drugabuse.gov,safe
https://timesnownews.com,safe
https://amazonsilk.com,safe
https://hmhco.com,safe
https://wiki.gg,safe
https://darktrace.com,safe
https://sd.rs,safe
https://stocksnap.io,safe
https://tirto.id,safe
https://piwik.pro,safe
https://adorama.com,safe
https://uspto.gov,safe
https://alfavita.gr,safe
https://ar-io.net,safe
https://linkos.bg,safe
https://cloudimanage.com,safe
https://crazypandagames.com,safe
https://sezane.com,safe
https://grainger.com,safe
https://litmus.com,safe
https://rspamd.com,safe
https://interactgo.com,safe
https://unirioja.es,safe
https://usp.br,safe
https://elektra.mx,safe
https://sflix.to,safe
https://deporvillage.com,safe
https://mercer.com,safe
https://okbet.com,safe
https://about.google,safe
https://freiepresse.de,safe
https://rojadirectaenvivo.pl,safe
https://commbank.com.au,safe
https://adsafety.net,safe
https://cosmopolitan.com,safe
https://eurekalert.org,safe
https://redbutton.de,safe
https://semprot.com,safe
https://dnb.no,safe
https://bigbadwolf-slot.com,safe
https://laredoute.fr,safe
https://histoiredor.com,safe
https://sexarabsex.com,safe
https://gsa.gov,safe
https://klook.com,safe
https://smartertravel.com,safe
https://theadex.com,safe
https://peatix.com,safe
https://earth.com,safe
https://shalove.net,safe
https://allstar.gg,safe
https://mydesi.sbs,safe
https://ipaddress.com,safe
https://packagecloud.io,safe
https://backmarket.com,safe
https://amazon.pl,safe
https://bitsdujour.com,safe
https://bluetooth.com,safe
https://amcrestcloud.com,safe
https://giffgaff.com,safe
https://futurecdn.net,safe
https://truemoveh.com,safe
https://swiftype.com,safe
https://forter.com,safe
https://runtastic.com,safe
https://ioh.co.id,safe
https://bitpanda.com,safe
https://betway.co.za,safe
https://darkegy.cam,safe
https://crystals.ru,safe
https://yammer.com,safe
https://boomtrain.com,safe
https://dfat.gov.au,safe
https://volunteermatch.org,safe
https://ashemaletube.com,safe
https://plannedparenthood.org,safe
https://arc.net,safe
https://hypothes.is,safe
https://slu.edu,safe
https://kingston.com,safe
https://exist.ru,safe
https://emarketer.com,safe
https://baike.com,safe
https://emag.ro,safe
https://leboncoin.fr,safe
https://catawiki.com,safe
https://reklama5.mk,safe
https://blog.hu,safe
https://ancestry.com.au,safe
https://bundesliga.com,safe
https://dynatrace.com,safe
https://fotki.com,safe
https://nnov.ru,safe
https://meethue.com,safe
https://xxxvideo.blog,safe
https://nettigritty.com,safe
https://wallapop.com,safe
https://technetbloggers.de,safe
https://wordunscrambler.net,safe
https://canlii.org,safe
https://mediaalpha.com,safe
https://president.jp,safe
https://vimeo.com,safe
https://zalando.es,safe
https://wordpress.net,safe
https://checkout.com,safe
https://loseit.com,safe
https://yanmaga.jp,safe
https://hgtv.co.uk,safe
https://mobiusltd.com,safe
https://infoq.com,safe
https://epam.com,safe
https://grammy.com,safe
https://hotschedules.com,safe
https://xxxlutz.de,safe
https://lung.org,safe
https://worldbank.org,safe
https://scheels.com,safe
https://serverwatch.com,safe
https://ecolab.com,safe
https://naorisprotocol.network,safe
https://wowza.com,safe
https://talkingpointsmemo.com,safe
https://w3s.link,safe
https://gcfglobal.org,safe
https://showjet.ru,safe
https://zoho.com.au,safe
https://tabor.ru,safe
https://harley-davidson.com,safe
https://bd-pratidin.com,safe
https://jobs2web.com,safe
https://zacks.com,safe
https://notebookcheck.net,safe
https://granicus.com,safe
https://displate.com,safe
https://hotellook.com,safe
https://inwx.de,safe
https://dragonball-multiverse.com,safe
https://china-channel.com,safe
https://zoznam.sk,safe
https://mcpedl.org,safe
https://shoppersdrugmart.ca,safe
https://just-eat.es,safe
https://investingchannel.com,safe
https://porno666.win,safe
https://cognizant.com,safe
https://gdatasecurity.de,safe
https://corelogic.com,safe
https://undertone.com,safe
https://nu.nl,safe
https://tubebuddy.com,safe
https://last.fm,safe
https://azcentral.com,safe
https://xvideos.red,safe
https://clipsexquaylen3s.net,safe
https://flashscore.com.ng,safe
https://aydinlik.com.tr,safe
https://xbanxia.com,safe
https://thatgamecompany.com,safe
https://asqq.io,safe
https://lancaster.ac.uk,safe
https://vn2.my,safe
https://ts.net,safe
https://tn.gov.in,safe
https://merkur.de,safe
https://blutv.com,safe
https://google.si,safe
https://marquiz.ru,safe
https://aspca.org,safe
https://owhealth.com,safe
https://todayonline.com,safe
https://uaserial.com,safe
https://smartico.ai,safe
https://stumbleupon.com,safe
https://jobvite.com,safe
https://barrons.com,safe
https://yemeksepeti.com,safe
https://39.net,safe
https://ledauphine.com,safe
https://qiita.com,safe
https://f95zone.to,safe
https://azureplayfab.com,safe
https://atrungroi.com,safe
https://wechatpay.cn,safe
https://letsporn.com,safe
https://traffer.net,safe
https://jysk.pl,safe
https://lolipop.jp,safe
https://phoenixnewtimes.com,safe
https://twinsfun.com,safe
https://livechatinc.com,safe
https://ttcache.com,safe
https://marketbeat.com,safe
https://arxnxxxhd.net,safe
https://charitynavigator.org,safe
https://co.com,safe
https://vw.com,safe
https://int08h.com,safe
https://freegames.com,safe
https://ilmessaggero.it,safe
https://bidgear.com,safe
https://nypl.org,safe
https://alipan.com,safe
https://autohome.com.cn,safe
https://haber7.com,safe
https://shiksha.com,safe
https://bold.dk,safe
https://servers.com,safe
https://ussoccer.com,safe
https://manomano.it,safe
https://slides.com,safe
https://antpool.com,safe
https://nih.gov,safe
https://mediaset.es,safe
https://doxygen.org,safe
https://meteo.gr,safe
https://kiddle.co,safe
https://hessen.de,safe
https://frommers.com,safe
https://openstreetmap.fr,safe
https://womenshealthmag.com,safe
https://soneium.org,safe
https://larksuite.com,safe
https://isaidub9.net,safe
https://thinkwithgoogle.com,safe
https://toomics.com,safe
https://diariouno.com.ar,safe
https://ph365.com.ph,safe
https://v-videoapp.com,safe
https://bling.com.br,safe
https://fec.gov,safe
https://mobisystems.com,safe
https://inverse.com,safe
https://dayforcehcm.com,safe
https://conductrics.com,safe
https://zippia.com,safe
https://filmyfly.pictures,safe
https://pccc.com,safe
https://timeweb.com,safe
https://digistorm.com,safe
https://vwo.com,safe
https://nusuk.sa,safe
https://oati.net,safe
https://rarathemes.com,safe
https://corrieredellosport.it,safe
https://innogames.de,safe
https://avm.de,safe
https://google.co.bw,safe
https://bubble.io,safe
https://115.com,safe
https://wildred.ru,safe
https://belfasttelegraph.co.uk,safe
https://walkscore.com,safe
https://asrock.com,safe
https://wboptim.online,safe
https://archdaily.com,safe
https://ccbill.com,safe
https://meteolive.it,safe
https://spot.im,safe
https://pcisecuritystandards.org,safe
https://awsar-dst.in,safe
https://instreamvideo.ru,safe
https://cloudlinux.com,safe
https://fox.com,safe
https://yam.com,safe
https://chochox.com,safe
https://movacal.net,safe
https://genome.gov,safe
https://cervantes.es,safe
https://myisolved.com,safe
https://timeappmarketing.com,safe
https://clickbus.com.br,safe
https://nrich.ai,safe
https://exporntoons.net,safe
https://recode.net,safe
https://myfitnesspal.com,safe
https://notube.si,safe
https://pornpics.com,safe
https://skokka.com.pe,safe
https://gamedeveloper.com,safe
https://lemon8-app.com,safe
https://news5cleveland.com,safe
https://withbuddies.com,safe
https://capitalone.com,safe
https://dailypress.com,safe
https://sportzcast.net,safe
https://nag.kz,safe
https://publix.com,safe
https://perforce.com,safe
https://sahibinden.com,safe
https://playnow.com,safe
https://jmir.org,safe
https://alphaos.net,safe
https://hubblesite.org,safe
https://thegioididong.com,safe
https://desktop.com.br,safe
https://gaijin.net,safe
https://applegadgetsbd.com,safe
https://doctoralia.com.br,safe
https://health.gov.au,safe
https://elephantbet.co.ao,safe
https://teleport.media,safe
https://redactie24.be,safe
https://justpaste.it,safe
https://brivo.com,safe
https://awardspace.com,safe
https://solinkcloud.com,safe
https://target.com.au,safe
https://parklogic.com,safe
https://swiss.com,safe
https://yapo.cl,safe
https://digitallocker.gov.in,safe
https://tns-counter.ru,safe
https://hulu.com,safe
https://sift.com,safe
https://imobiliare.ro,safe
https://baza-knig.rip,safe
https://highspeedinternet.com,safe
https://bnnvara.nl,safe
https://oppomobile.com,safe
https://nzxt.com,safe
https://rule34.xxx,safe
https://savefrom.net,safe
https://soranews24.com,safe
https://blocksite.co,safe
https://panvel.com,safe
https://addevent.com,safe
https://123rf.com,safe
https://pulsz.com,safe
https://momjunction.com,safe
https://xvideos.com,safe
https://autotrader.co.za,safe
https://healthcareitnews.com,safe
https://grammarly.com,safe
https://ivanti.com,safe
https://capital.com,safe
https://phillyvoice.com,safe
https://thepetitionsite.com,safe
https://shueisha.co.jp,safe
https://century21.com,safe
https://inews.co.uk,safe
https://porno-zona.com,safe
https://uni-hannover.de,safe
https://thehalara.com,safe
https://overclockers.ru,safe
https://madisoft.it,safe
https://aegeanair.com,safe
https://hitc.com,safe
https://rsk.co,safe
https://exodus.com,safe
https://mindbodyonline.com,safe
https://netskope.com,safe
https://reurl.cc,safe
https://independent.co.uk,safe
https://toptal.com,safe
https://hivemq.cloud,safe
https://tolstoycomments.com,safe
https://torrentdownloads.pro,safe
https://lottoced.com,safe
https://podtail.com,safe
https://wsbetting.co.mw,safe
https://nowtv.com,safe
https://amaporn.com,safe
https://middleeasteye.net,safe
https://digitalgov.gov,safe
https://digiteka.com,safe
https://newsweek.ro,safe
https://smu.edu.sg,safe
https://softaculous.com,safe
https://dondominio.com,safe
https://bdg.win,safe
https://fosshub.com,safe
https://18-xx.com,safe
https://tenor.com,safe
https://wcnc.com,safe
https://shopee.cn,safe
https://fb.com,safe
https://erothots1.com,safe
https://bustybus.com,safe
https://raider.io,safe
https://servicenow.com,safe
https://rhombus.com,safe
https://avon.com,safe
https://wegotthiscovered.com,safe
https://unf.edu,safe
https://bikewale.com,safe
https://luc.edu,safe
https://iowa.gov,safe
https://fox4news.com,safe
https://otherlevels.com,safe
https://librefutbol.su,safe
https://entrata.com,safe
https://mature.nl,safe
https://tricolor.ru,safe
https://kaluga-poisk.ru,safe
https://ucr.edu,safe
https://outlook.com,safe
https://otclick-adv.ru,safe
https://dion.vc,safe
https://standaard.be,safe
https://magazineluiza.com.br,safe
https://understood.org,safe
https://dbs.com.sg,safe
https://knowyourmeme.com,safe
https://bayern.de,safe
https://tienphong.vn,safe
https://justworks.com,safe
https://wisepops.com,safe
https://ticketmaster.co.uk,safe
https://bc.edu,safe
https://las2orillas.co,safe
https://5paisa.com,safe
https://asd.rest,safe
https://jivox.com,safe
https://siliconangle.com,safe
https://xmu.edu.cn,safe
https://transfermarkt.de,safe
https://russianfood.com,safe
https://al-monitor.com,safe
https://firstcoastnews.com,safe
https://seattlepi.com,safe
https://picsart.com,safe
https://mangastep.com,safe
https://nofraud.com,safe
https://72dns.com,safe
https://omegle.onl,safe
https://autoevolution.com,safe
https://tilda.cc,safe
https://transfermarkt.com,safe
https://usgbc.org,safe
https://earnest.com,safe
https://ilga.gov,safe
https://pichincha.com,safe
https://betboom.ru,safe
https://arthritis.org,safe
https://vu.edu.pk,safe
https://obramat.es,safe
https://jku.at,safe
https://sportngin.com,safe
https://elcolombiano.com,safe
https://dizibox.plus,safe
https://pickmypostcode.com,safe
https://tenor.co,safe
https://iress.com.au,safe
https://stiripesurse.ro,safe
https://hornetsecurity.com,safe
https://forbes.ru,safe
https://betano.bet.ar,safe
https://wb.ru,safe
https://cyberghostvpn.com,safe
https://zalando.ch,safe
https://payhip.com,safe
https://planetary.org,safe
https://livehindustan.com,safe
https://lagazzettadiviareggio.it,safe
https://wpcdn.pl,safe
https://redtube.com.br,safe
https://sagepub.com,safe
https://bambuser.com,safe
https://canny.io,safe
https://abplive.com,safe
https://loquosex.com,safe
https://dafont.com,safe
https://1gb.ru,safe
https://logicgate.com,safe
https://makeleio.gr,safe
https://islcollective.com,safe
https://ncaudienceexchange.com,safe
https://froggydelight.com,safe
https://happymod.com,safe
https://chop.edu,safe
https://getty.edu,safe
https://tum.de,safe
https://digitalguardian.com,safe
https://networkworld.com,safe
https://railyatri.in,safe
https://wionews.com,safe
https://mindmegette.hu,safe
https://kreativmedia.ch,safe
https://antaranews.com,safe
https://nationaltrust.org.uk,safe
https://whiteboard.ms,safe
https://screencast.com,safe
https://leechers-paradise.org,safe
https://sextop1.bot,safe
https://dahuasecurity.com,safe
https://wbaltv.com,safe
https://na4u.ru,safe
https://gettr.com,safe
https://cumhuriyet.com.tr,safe
https://pentest-tools.com,safe
https://ripley.com.pe,safe
https://metacritic.com,safe
https://qantas.com,safe
https://google.je,safe
https://mikecrm.com,safe
https://ecmwf.int,safe
https://tor2me.info,safe
https://cambridge-news.co.uk,safe
https://gloporn.com,safe
https://birgun.net,safe
https://trepy.jp,safe
https://ansible.com,safe
https://tamilglitz.in,safe
https://test-english.com,safe
https://open-meteo.com,safe
https://hibridosyelectricos.com,safe
https://betterme.world,safe
https://sap.com,safe
https://iai-system.com,safe
https://uab.edu,safe
https://kubiobuilder.com,safe
https://nregade.nic.in,safe
https://startlap.hu,safe
https://thains.co.th,safe
https://ualberta.ca,safe
https://volkskrant.nl,safe
https://playrix.com,safe
https://fairdeal.live,safe
https://above.com,safe
https://avaya.com,safe
https://samsungknox.com,safe
https://binorsemok.net,safe
https://kantei.go.jp,safe
https://vkuseraudio.net,safe
https://ha.com,safe
https://merlion.ru,safe
https://usc.edu,safe
https://spreadshirt.com,safe
https://first-id.fr,safe
https://the-saleroom.com,safe
https://eshot.gov.tr,safe
https://dnevnik.hr,safe
https://penzu.com,safe
https://lcn.com,safe
https://twoplayergames.org,safe
https://airfind.com,safe
https://mailfence.com,safe
https://cgi.com,safe
https://earn.fm,safe
https://wufoo.com,safe
https://gnupg.org,safe
https://shopee.com,safe
https://hentaila.com,safe
https://glassesusa.com,safe
https://twingate.com,safe
https://googlesyndication.com,safe
https://botslab.com,safe
https://google.bj,safe
https://navifinserv.com,safe
https://anymind360.com,safe
https://admthop.com,safe
https://dynu.com,safe
https://gigazine.net,safe
https://atg.se,safe
https://as.me,safe
https://standardbank.co.za,safe
https://aireuropa.com,safe
https://vivatok.com,safe
https://tinypic.com,safe
https://upenn.edu,safe
https://iata.org,safe
https://comicbox.xyz,safe
https://nudevista.com,safe
https://balenciaga.com,safe
https://mobiledokan.com,safe
https://securitymagazine.com,safe
https://betpawa.ug,safe
https://microsoftcasualgames.com,safe
https://gimp.org,safe
https://jizzberry.com,safe
https://surge.sh,safe
https://rrbapply.gov.in,safe
https://eplus.jp,safe
https://kidoodle.tv,safe
https://ibus.cl,safe
https://dewafilm.xyz,safe
https://visme.co,safe
https://rotowire.com,safe
https://obsproject.com,safe
https://basf.com,safe
https://bkn.go.id,safe
https://theoatmeal.com,safe
https://trustedshops.com,safe
https://gm.com,safe
https://lmu.de,safe
https://didna.io,safe
https://vol.at,safe
https://fikfap.com,safe
https://kufar.by,safe
https://nasa.gov,safe
https://mgid.com,safe
https://zimad.com,safe
https://altema.jp,safe
https://istoedinheiro.com.br,safe
https://xvideos5.com,safe
https://handle.net,safe
https://retailrocket.net,safe
https://bereal.com,safe
https://samsclub.com,safe
https://computer.org,safe
https://nutrition.org,safe
https://codechef.com,safe
https://uyeshare.cc,safe
https://jojobet1009.com,safe
https://sorare.com,safe
https://devexpress.com,safe
https://hosttech.ch,safe
https://hdtodayz.to,safe
https://carrd.co,safe
https://contently.com,safe
https://adapty.io,safe
https://biospace.com,safe
https://adidas.es,safe
https://omnihotels.com,safe
https://iop.org,safe
https://timesbull.com,safe
https://publicisgroupe.com,safe
https://kiwisizing.com,safe
https://uzh.ch,safe
https://dooporn24.com,safe
https://gemius.pl,safe
https://eiga.com,safe
https://kew.org,safe
https://hamburg.de,safe
https://progoroduhta.ru,safe
https://shortpixel.ai,safe
https://bandlab.com,safe
https://zhipin.com,safe
https://mathpix.com,safe
https://ring.com,safe
https://toncenter.com,safe
https://coca-cola.com,safe
https://gov.wales,safe
https://beebom.com,safe
https://allbusiness.com,safe
https://onestore.co.kr,safe
https://netdata.cloud,safe
https://okcupid.com,safe
https://sberdevices.ru,safe
https://theporndude.com,safe
https://reddit.com,safe
https://une.edu.au,safe
https://vive.com,safe
https://wf.com,safe
https://homedepot.com,safe
https://cnews.ru,safe
https://mattel163.com,safe
https://ss-blog.jp,safe
https://tulane.edu,safe
https://jetblue.com,safe
https://retool.com,safe
https://pisofiph.com,safe
https://kas.de,safe
https://choicehotels.com,safe
https://survio.com,safe
https://atlantablackstar.com,safe
https://ziraatbank.com.tr,safe
https://fsu.edu,safe
https://wikiversity.org,safe
https://userway.org,safe
https://google.sc,safe
https://play.google,safe
https://unifr.ch,safe
https://snai.it,safe
https://suara.com,safe
https://pixfuture.com,safe
https://gamcare.org.uk,safe
https://theculturetrip.com,safe
https://zeiss.com,safe
https://otomatis.vip,safe
https://spiny.ai,safe
https://foodnetwork.com,safe
https://jpmorganchase.com,safe
https://taxnet.ru,safe
https://dnevnik.ru,safe
https://ismedia.jp,safe
https://hdtube.porn,safe
https://etsy.com,safe
https://pornktube.com,safe
https://ashbyhq.com,safe
https://ncsasports.org,safe
https://proper.io,safe
https://brookings.edu,safe
https://elgiganten.se,safe
https://pepper.ru,safe
https://azure.net,safe
https://telkom.co.id,safe
https://skf.com,safe
https://bongdalu42.com,safe
https://rbcroyalbank.com,safe
https://rosbalt.ru,safe
https://careem.com,safe
https://nobelprize.org,safe
https://sex-studentki.pub,safe
https://sonatype.com,safe
https://fajar.co.id,safe
https://darkreader.org,safe
https://eurobet.it,safe
https://userstylesapi.com,safe
https://hostingraja.in,safe
https://shoplazza.com,safe
https://dagbladet.no,safe
https://acumera.com,safe
https://ra.co,safe
https://presage.io,safe
https://submittable.com,safe
https://meteoblue.com,safe
https://cba.pl,safe
https://freepressjournal.in,safe
https://eeo.cn,safe
https://ansys.com,safe
https://tuttojuve.com,safe
https://allocine.fr,safe
https://mit.edu,safe
https://screenmeet.com,safe
https://ugg.com,safe
https://cloud86.nl,safe
https://blueshieldca.com,safe
https://google.vu,safe
https://periscope.tv,safe
https://chatango.com,safe
https://whattoexpect.com,safe
https://i24news.tv,safe
https://mouseflow.com,safe
https://booking.com,safe
https://siilo.com,safe
https://diepresse.com,safe
https://cloudflarestream.com,safe
https://gazeta.pl,safe
https://seaworld.com,safe
https://filmyzilla1.org.in,safe
https://auvik.com,safe
https://opm.gov,safe
https://parkingcrew.net,safe
https://nativendo.de,safe
https://spacebattles.com,safe
https://movieweb.com,safe
https://polestar.com,safe
https://guestreservations.com,safe
https://aoa.org,safe
https://moveon.org,safe
https://izzi.mx,safe
https://ello.co,safe
https://rxrtb.com,safe
https://bspb.ru,safe
https://eiu.com,safe
https://shopify.io,safe
https://hypixel.net,safe
https://unri.ac.id,safe
https://learncbse.in,safe
https://rebelmouse.com,safe
https://nmfn.com,safe
https://heapanalytics.com,safe
https://fasthosts.co.uk,safe
https://faroutmagazine.co.uk,safe
https://cableone.net,safe
https://newsit.gr,safe
https://willhaben.at,safe
https://n1info.si,safe
https://begambleaware.org,safe
https://joinmastodon.org,safe
https://dailypost.ng,safe
https://pinkvilla.com,safe
https://gekso.com,safe
https://utsa.edu,safe
https://google.kg,safe
https://theroot.com,safe
https://icicidirect.com,safe
https://adserv-us.com,safe
https://scamadviser.com,safe
https://ijavhd.com,safe
https://calvinklein.com,safe
https://genially.com,safe
https://nginx.org,safe
https://petmd.com,safe
https://avilex.ru,safe
https://wildapricot.org,safe
https://mopub.com,safe
https://yougov.co.uk,safe
https://cldin.eu,safe
https://lonelyplanet.com,safe
https://uibk.ac.at,safe
https://tomtom.com,safe
https://wanuncios.com,safe
https://villanova.edu,safe
https://clickpetroleoegas.com.br,safe
https://gaveanews.com,safe
https://adsgram.ai,safe
https://charite.de,safe
https://discord.gg,safe
https://safetyculture.com,safe
https://adikteev.com,safe
https://digitaloceanspaces.com,safe
https://bnbchain.org,safe
https://xg4ken.com,safe
https://screencast-o-matic.com,safe
https://toptoon.com,safe
https://coralogix.com,safe
https://mat6tube.com,safe
https://tap4fun.com,safe
https://njav.tv,safe
https://acertb.com,safe
https://postgresql.org,safe
https://esputnik.com,safe
https://heraldcorp.com,safe
https://skyscanner.it,safe
https://blog.youtube,safe
https://almstba.tv,safe
https://slotomania.com,safe
https://madeiramadeira.com.br,safe
https://icc-cpi.int,safe
https://carfax.com,safe
https://helsinki.fi,safe
https://conetix.com.au,safe
https://pushq.ir,safe
https://eclipse.org,safe
https://arxnxxxhd.com,safe
https://zbporn.tv,safe
https://igdb.com,safe
https://virtualearth.net,safe
https://videobyte.com,safe
https://navigraph.com,safe
https://tunnelbear.com,safe
https://sputniknews.com,safe
https://americorps.gov,safe
https://protonmail.com,safe
https://translated.net,safe
https://architizer.com,safe
https://troywell.org,safe
https://popularmechanics.com,safe
https://join.chat,safe
https://mp4moviez.maison,safe
https://mgeko.cc,safe
https://uisp.com,safe
https://mir-chitki.ru,safe
https://pornhindisex.com,safe
https://aliexpress.us,safe
https://zeasn.tv,safe
https://sunpower.com,safe
https://intrend.it,safe
https://gtainside.com,safe
https://material.security,safe
https://yad.com,safe
https://gamerplayers.com,safe
https://ivancity.com,safe
https://antagus.de,safe
https://newspapers.com,safe
https://globalpoker.com,safe
https://wheelofnames.com,safe
https://nextcapital.com,safe
https://firstmedia.com,safe
https://pcloud.com,safe
https://teensexmix.top,safe
https://j.mp,safe
https://lucidmotors.com,safe
https://bignewsnetwork.com,safe
https://getcourse.ru,safe
https://dostavista.ru,safe
https://typingtest.com,safe
https://sailthru.com,safe
https://emerald.com,safe
https://mumuglobal.com,safe
https://audioboom.com,safe
https://c2.com,safe
https://coinmaster.com,safe
https://finecobank.com,safe
https://videogamer.com,safe
https://ielts.org,safe
https://media6degrees.com,safe
https://cursor.com,safe
https://blockchair.com,safe
https://gotruemotion.com,safe
https://knigorai.com,safe
https://themanual.com,safe
https://surfnet.nl,safe
https://builtin.com,safe
https://carleton.ca,safe
https://legit.ng,safe
https://archlinux.org,safe
https://shinden.pl,safe
https://picks.my,safe
https://forbesjapan.com,safe
https://welt.de,safe
https://americanpregnancy.org,safe
https://birminghammail.co.uk,safe
https://kartra.com,safe
https://xxxviiijmp.com,safe
https://southampton.ac.uk,safe
https://11alive.com,safe
https://answers.com,safe
https://hubs.ly,safe
https://trxs.cc,safe
https://nec.com,safe
https://bt4g.com,safe
https://staples.com,safe
https://navify.com,safe
https://webkit.org,safe
https://cropp.com,safe
https://shadow.tech,safe
https://adblockplus.org,safe
https://vivo.com.br,safe
https://skyhigh.cloud,safe
https://lesdechargeurs.fr,safe
https://myfxbook.com,safe
https://fakty.ua,safe
https://nit.pt,safe
https://futbin.com,safe
https://nudeindians.net,safe
https://star.com.tr,safe
https://espreso.co.rs,safe
https://fox9.com,safe
https://lekkeslaap.co.za,safe
https://listesdemots.net,safe
https://thinkific.com,safe
https://taxtelecom.ru,safe
https://xv-videos1.com,safe
https://akkadia.org,safe
https://thevoicemag.ru,safe
https://soccer365.ru,safe
https://workabroad.ph,safe
https://phonepe.com,safe
https://statesman.com,safe
https://truist.com,safe
https://restream.io,safe
https://vegamovies.tc,safe
https://pixel.green,safe
https://short.gy,safe
https://slack-imgs.com,safe
https://slack.com,safe
https://coursera.org,safe
https://msha.ke,safe
https://bestprice.gr,safe
https://virginvoyages.com,safe
https://nzdating.com,safe
https://legion.org,safe
https://videos-zoofilia.com,safe
https://beatstars.com,safe
https://mailanyone.net,safe
https://easeus.com,safe
https://bitbucket.io,safe
https://zeturf.fr,safe
https://momoshop.com.tw,safe
https://canal26.com,safe
https://plaync.com,safe
https://edusite.ru,safe
https://adxrt.com,safe
https://getepic.com,safe
https://whoop.com,safe
https://crackstreams.cx,safe
https://dochub.com,safe
https://marist.edu,safe
https://xprimehub.vip,safe
https://funplus.com,safe
https://jhu.edu,safe
https://awin.com,safe
https://yu.edu,safe
https://carnow.com,safe
https://zeffy.com,safe
https://k2s.cc,safe
https://yandex.fr,safe
https://upworthy.com,safe
https://veopornogratis.xxx,safe
https://mania.kr,safe
https://odysee.com,safe
https://wolvden.com,safe
https://sexbebin.com,safe
https://haosou.com,safe
https://brownpapertickets.com,safe
https://ylilauta.org,safe
https://amadeus.com,safe
https://d4swing.com,safe
https://ankiweb.net,safe
https://hotosena.com,safe
https://brightlocal.com,safe
https://tmt.de,safe
https://vulture.com,safe
https://rome2rio.com,safe
https://elev.io,safe
https://helpscout.net,safe
https://hdhub4u.how,safe
https://cdnjs.com,safe
https://chargebee.com,safe
https://wikiwiki.jp,safe
https://pcgamesn.com,safe
https://dramaboxdb.com,safe
https://lycos.fr,safe
https://expedia.ca,safe
https://bt.com,safe
https://ipweb.pro,safe
https://yotoplay.com,safe
https://siteforce.com,safe
https://watchguard.com,safe
https://ancestry.co.uk,safe
https://txstate.edu,safe
https://gamesradar.com,safe
https://bombardier.com,safe
https://databank.com,safe
https://stickify-api.com,safe
https://domclick.ru,safe
https://carmax.com,safe
https://amazon.ca,safe
https://suki-kira.com,safe
https://onlineradiobox.com,safe
https://monetixads.com,safe
https://trackercdn.com,safe
https://www.ne.jp,safe
https://shazam.com,safe
https://sueddeutsche.de,safe
https://prothomalo.com,safe
https://deccoria.pl,safe
https://vialotadom.com,safe
https://tildacdn.com,safe
https://simplify.hr,safe
https://palletsprojects.com,safe
https://kantar.com,safe
https://tupaki.com,safe
https://google.sk,safe
https://prozeny.cz,safe
https://affluentarmyequator.com,safe
https://imss.gob.mx,safe
https://graniru.info,safe
https://dizy.com,safe
https://pingidentity.com,safe
https://recipetineats.com,safe
https://promotions.hu,safe
https://bustle.com,safe
https://canva.cn,safe
https://cqc.org.uk,safe
https://intersight.com,safe
https://cex.io,safe
https://overwolf.com,safe
https://flipbuilder.com,safe
https://vesti.ru,safe
https://adplay.ru,safe
https://elvebredd.com,safe
https://maxim.com,safe
https://zoopla.co.uk,safe
https://expressandstar.com,safe
https://hextom.com,safe
https://bitrix24.site,safe
https://duke.edu,safe
https://r2b2.io,safe
https://showtv.com.tr,safe
https://flashscore.co.ke,safe
https://forhims.com,safe
https://sexkomix2.com,safe
https://mrsk-1.ru,safe
https://rentalcars.com,safe
https://engageya.com,safe
https://host-telecom.com,safe
https://mgronline.com,safe
https://goszakup.gov.kz,safe
https://eldiariomontanes.es,safe
https://almayadeen.net,safe
https://ntu.ac.uk,safe
https://psg.com,safe
https://techtudo.com.br,safe
https://mtsu.edu,safe
https://overleaf.com,safe
https://lightnovelworld.co,safe
https://inbox.lv,safe
https://stanfordchildrens.org,safe
https://psychologytoday.com,safe
https://google.co.ck,safe
https://mamikos.com,safe
https://pubpub.org,safe
https://elsevier.com,safe
https://macmillan.com,safe
https://escort.club,safe
https://machotube.tv,safe
https://paparazzi.com.ar,safe
https://pitchfork.com,safe
https://bsn.cloud,safe
https://getredo.com,safe
https://cbinsights.com,safe
https://askmen.com,safe
https://nsidc.org,safe
https://motherjones.com,safe
https://chosun.com,safe
https://sunbet.co.za,safe
https://pixlee.co,safe
https://abc7chicago.com,safe
https://jcpenney.com,safe
https://texasmonthly.com,safe
https://google.ki,safe
https://youvisit.com,safe
https://dhgate.com,safe
https://linear.app,safe
https://nohu90.com,safe
https://79king1.com,safe
https://tapresearch.com,safe
https://zurich.com,safe
https://ancestrycdn.com,safe
https://turnitin.com,safe
https://wunderkind.co,safe
https://inquirer.com,safe
https://buzzsumo.com,safe
https://recraft.ai,safe
https://yasexe.pro,safe
https://jdsupra.com,safe
https://heovl.plus,safe
https://stuba.sk,safe
https://diezminutos.es,safe
https://techopedia.com,safe
https://szn.cz,safe
https://etrade.com,safe
https://kpn.com,safe
https://viidvtsv.com,safe
https://matbao.com,safe
https://rutgers.edu,safe
https://desisex.site,safe
https://autotrader.co.uk,safe
https://locotech.ru,safe
https://cibc.com,safe
https://jixie.io,safe
https://viralkand.com,safe
https://smith.edu,safe
https://junglefrog.com,safe
https://thenai.org,safe
https://gettyimages.in,safe
https://answeratlas.com,safe
https://gnb.ca,safe
https://freightwaves.com,safe
https://search-load.com,safe
https://hani.co.kr,safe
https://beusable.net,safe
https://gandul.ro,safe
https://brynmawr.edu,safe
https://blogspot.ie,safe
https://keysight.com,safe
https://smashingmagazine.com,safe
https://hdpornfree.xxx,safe
https://ebay.co.uk,safe
https://bankbazaar.com,safe
https://eurostar.com,safe
https://privacypolicyonline.com,safe
https://getresponse.com,safe
https://haremaltin.com,safe
https://gymmasteronline.com,safe
https://carpetasfcb.com,safe
https://ozon.by,safe
https://1kuttymovies.com,safe
https://bumbcdn.com,safe
https://gaia.com,safe
https://visitdubai.com,safe
https://topcashback.com,safe
https://sitesoft.ru,safe
https://apnews.com,safe
https://3sat.de,safe
https://gvsu.edu,safe
https://uidsync.net,safe
https://pennmedicine.org,safe
https://thrivent.com,safe
https://huobi.com,safe
https://itsfoss.com,safe
https://play.ht,safe
https://amarmatka.co,safe
https://newvoicemedia.com,safe
https://atmosphere.tv,safe
https://reqres.in,safe
https://americanbanker.com,safe
https://dafabet.com,safe
https://ixxx.com,safe
https://ippbonline.com,safe



